{"assets/.DS_Store":["assets/.DS_Store","assets/images/.DS_Store","assets/images/icon/.DS_Store"],"assets/images/.DS_Store":["assets/images/.DS_Store","assets/images/icon/.DS_Store"],"assets/images/icon/.DS_Store":["assets/images/icon/.DS_Store"],"assets/images/icon/calendar.png":["assets/images/icon/calendar.png"],"assets/images/icon/check-list.png":["assets/images/icon/check-list.png"],"assets/images/icon/clock.png":["assets/images/icon/clock.png"],"assets/images/icon/icon-03.png":["assets/images/icon/icon-03.png"],"assets/images/icon/icon-04.png":["assets/images/icon/icon-04.png"],"assets/images/icon/icon-05.png":["assets/images/icon/icon-05.png"],"assets/images/icon/icon-06.png":["assets/images/icon/icon-06.png"],"assets/images/icon/map.png":["assets/images/icon/map.png"],"assets/images/icon/user.png":["assets/images/icon/user.png"],"assets/images/icon/users_upload.png":["assets/images/icon/users_upload.png"],"assets/images/icon/worker.png":["assets/images/icon/worker.png"],"assets/images/logo.png":["assets/images/logo.png"],"packages/cupertino_icons/assets/CupertinoIcons.ttf":["packages/cupertino_icons/assets/CupertinoIcons.ttf"]}